tax_id	e17a8f2887894f8d7becdbeaafbc97db14bc8e66_EXP-PBC096_barcode79	e17a8f2887894f8d7becdbeaafbc97db14bc8e66_EXP-PBC096_barcode51	e17a8f2887894f8d7becdbeaafbc97db14bc8e66_EXP-PBC096_barcode42	e17a8f2887894f8d7becdbeaafbc97db14bc8e66_EXP-PBC096_barcode49	e17a8f2887894f8d7becdbeaafbc97db14bc8e66_EXP-PBC096_barcode08	e17a8f2887894f8d7becdbeaafbc97db14bc8e66_EXP-PBC096_barcode06	e17a8f2887894f8d7becdbeaafbc97db14bc8e66_EXP-PBC096_barcode45	e17a8f2887894f8d7becdbeaafbc97db14bc8e66_EXP-PBC096_barcode39	e17a8f2887894f8d7becdbeaafbc97db14bc8e66_EXP-PBC096_barcode50	e17a8f2887894f8d7becdbeaafbc97db14bc8e66_EXP-PBC096_barcode32	e17a8f2887894f8d7becdbeaafbc97db14bc8e66_EXP-PBC096_barcode46	e17a8f2887894f8d7becdbeaafbc97db14bc8e66_EXP-PBC096_barcode16	e17a8f2887894f8d7becdbeaafbc97db14bc8e66_EXP-PBC096_barcode71	e17a8f2887894f8d7becdbeaafbc97db14bc8e66_EXP-PBC096_barcode11	e17a8f2887894f8d7becdbeaafbc97db14bc8e66_EXP-PBC096_barcode24	e17a8f2887894f8d7becdbeaafbc97db14bc8e66_EXP-PBC096_barcode89	e17a8f2887894f8d7becdbeaafbc97db14bc8e66_EXP-PBC096_barcode59	e17a8f2887894f8d7becdbeaafbc97db14bc8e66_EXP-PBC096_barcode53	e17a8f2887894f8d7becdbeaafbc97db14bc8e66_EXP-PBC096_barcode52	e17a8f2887894f8d7becdbeaafbc97db14bc8e66_EXP-PBC096_barcode48	e17a8f2887894f8d7becdbeaafbc97db14bc8e66_unclassified-threshold-0.0001	e17a8f2887894f8d7becdbeaafbc97db14bc8e66_EXP-PBC096_barcode04	e17a8f2887894f8d7becdbeaafbc97db14bc8e66_EXP-PBC096_barcode30	e17a8f2887894f8d7becdbeaafbc97db14bc8e66_EXP-PBC096_barcode44	e17a8f2887894f8d7becdbeaafbc97db14bc8e66_EXP-PBC096_barcode36	e17a8f2887894f8d7becdbeaafbc97db14bc8e66_EXP-PBC096_barcode47	e17a8f2887894f8d7becdbeaafbc97db14bc8e66_EXP-PBC096_barcode05	e17a8f2887894f8d7becdbeaafbc97db14bc8e66_EXP-PBC096_barcode62	e17a8f2887894f8d7becdbeaafbc97db14bc8e66_EXP-PBC096_barcode34	e17a8f2887894f8d7becdbeaafbc97db14bc8e66_EXP-PBC096_barcode33	e17a8f2887894f8d7becdbeaafbc97db14bc8e66_EXP-PBC096_barcode10	e17a8f2887894f8d7becdbeaafbc97db14bc8e66_EXP-PBC096_barcode37	e17a8f2887894f8d7becdbeaafbc97db14bc8e66_EXP-PBC096_barcode60	e17a8f2887894f8d7becdbeaafbc97db14bc8e66_EXP-PBC096_barcode31	e17a8f2887894f8d7becdbeaafbc97db14bc8e66_EXP-PBC096_barcode14	e17a8f2887894f8d7becdbeaafbc97db14bc8e66_EXP-PBC096_barcode25	e17a8f2887894f8d7becdbeaafbc97db14bc8e66_EXP-PBC096_barcode35	e17a8f2887894f8d7becdbeaafbc97db14bc8e66_EXP-PBC096_barcode03	e17a8f2887894f8d7becdbeaafbc97db14bc8e66_EXP-PBC096_barcode96	e17a8f2887894f8d7becdbeaafbc97db14bc8e66_EXP-PBC096_barcode41	e17a8f2887894f8d7becdbeaafbc97db14bc8e66_EXP-PBC096_barcode19	e17a8f2887894f8d7becdbeaafbc97db14bc8e66_EXP-PBC096_barcode56	e17a8f2887894f8d7becdbeaafbc97db14bc8e66_EXP-PBC096_barcode61	e17a8f2887894f8d7becdbeaafbc97db14bc8e66_EXP-PBC096_barcode27	e17a8f2887894f8d7becdbeaafbc97db14bc8e66_EXP-PBC096_barcode58	e17a8f2887894f8d7becdbeaafbc97db14bc8e66_EXP-PBC096_barcode43	e17a8f2887894f8d7becdbeaafbc97db14bc8e66_EXP-PBC096_barcode15	e17a8f2887894f8d7becdbeaafbc97db14bc8e66_unclassified	e17a8f2887894f8d7becdbeaafbc97db14bc8e66_EXP-PBC096_barcode38	e17a8f2887894f8d7becdbeaafbc97db14bc8e66_EXP-PBC096_barcode17	e17a8f2887894f8d7becdbeaafbc97db14bc8e66_EXP-PBC096_barcode40	e17a8f2887894f8d7becdbeaafbc97db14bc8e66_EXP-PBC096_barcode90	e17a8f2887894f8d7becdbeaafbc97db14bc8e66_EXP-PBC096_barcode29	e17a8f2887894f8d7becdbeaafbc97db14bc8e66_EXP-PBC096_barcode72	e17a8f2887894f8d7becdbeaafbc97db14bc8e66_EXP-PBC096_barcode23	e17a8f2887894f8d7becdbeaafbc97db14bc8e66_EXP-PBC096_barcode92	e17a8f2887894f8d7becdbeaafbc97db14bc8e66_EXP-PBC096_barcode18	e17a8f2887894f8d7becdbeaafbc97db14bc8e66_EXP-PBC096_barcode07	e17a8f2887894f8d7becdbeaafbc97db14bc8e66_EXP-PBC096_barcode54	e17a8f2887894f8d7becdbeaafbc97db14bc8e66_EXP-PBC096_barcode20	e17a8f2887894f8d7becdbeaafbc97db14bc8e66_EXP-PBC096_barcode13	e17a8f2887894f8d7becdbeaafbc97db14bc8e66_EXP-PBC096_barcode57	e17a8f2887894f8d7becdbeaafbc97db14bc8e66_EXP-PBC096_barcode01	e17a8f2887894f8d7becdbeaafbc97db14bc8e66_EXP-PBC096_barcode02	e17a8f2887894f8d7becdbeaafbc97db14bc8e66_EXP-PBC096_barcode26-threshold-0.0001	e17a8f2887894f8d7becdbeaafbc97db14bc8e66_EXP-PBC096_barcode55	e17a8f2887894f8d7becdbeaafbc97db14bc8e66_EXP-PBC096_barcode22	e17a8f2887894f8d7becdbeaafbc97db14bc8e66_EXP-PBC096_barcode12	e17a8f2887894f8d7becdbeaafbc97db14bc8e66_EXP-PBC096_barcode28	e17a8f2887894f8d7becdbeaafbc97db14bc8e66_EXP-PBC096_barcode09	e17a8f2887894f8d7becdbeaafbc97db14bc8e66_EXP-PBC096_barcode76	e17a8f2887894f8d7becdbeaafbc97db14bc8e66_EXP-PBC096_barcode26
10000																			15.782416542492726																																																					
10101																																																																			17.000460629885804					
10114			27.040612853859184	322.58965140128345		51.16916189202284	36.47233608989061	30.68691750536861	40.37738115776474	21.73582862245392		191.5587542183518		15.933416325277856	59.93185106451955		13.84680630572978		63.05404126187176		747.235979054496	21.062518531072747	102.45310635120627	21.445247035814035	26.50209318685328					469.44889249131415			566.2121184583789		28.848740400094133	40.54593047557472	33.99682515256643	26.056080682795884		74.08530062900427	17.63282171556475	74.41297821553242		294.5259368866259	210.68485382640745		39.824279228846486	745.6824756805155	135.02467000029165	45.25504415050995	302.0574505828893				12.633096603908886		47.2632729788821		161.94567979989665	119.95706938301592	48.51295335102162	20.02499222058995	27.0262400043782	36.966310962276246	1027.667944977549	309.5612411095653	34.996863930898684	26.071425325840373	16.001943955658554			1024.8527480541095
1029		43.92806666863792																																							81.50527235516488							30.60606999030401																								
103																												43.77615009719573																																												
10334		36.95837343135966																																														23.000807343900963																							1.0	
10351											118.83495790960374											52.838218976338055																				13.67959647693366						15.739334728000124														30.27174967319266		10.732986060248738								
1036		1246.9875012972404		70.2575918259583	187.8328972289437	101.34356861118688	36.0994607624063		11.008211174527986	28.31139934101381		360.21115267451853			104.79309872608655			52.12133629827807	40.858313372611065	34.545762084985434	964.5713095215086	37.78974551027273	54.5989880635233	13.999999999693678	378.2422820042293					15.230222555636534		64.03541523123857	96.24472605891832	43.17038795329745	30.9658492834568	55.35999730640712	37.82583366265944	31.000020568904493		95.05446975840776	369.85784749224456	79.77713803488885		141.6836725280419	129.2652761996862	71.81915164746125	78.8248201796881	945.8086411945162	100.2831408566656	15.977365605715514			101.75936766399956		42.83648920548042		277.6993626017758	15.872682218728915	189.88881456829824	93.69248338218289	136.3257323861833	124.52987412774772	527.3523306075909	187.76165568392892	697.9608916201562	546.8828901741583	26.137258659137828	20.00077267261106	19.02284597414691			696.3958690064472
10365									14.997178881593742								17.0				71.03860926956735																	24.0635925186743			53.27426113635767				57.02240122893377	13.0	11.06371174744472	70.90182293769368			49.49545579259806				111.55776040428216		20.000000515368267		49.512752101000736	67.56647679277067				122.44824011601476		17.024342966389003						
10465				152.37366656035562	22.56874547860036	81.39791472351989	19.55289728865805		10.546699144138014	95.17948736835372	18.34599140380516	141.0548776116236			207.8311436459826		10.991834867852374		10.882660780890426	32.023892658596985	776.4850552176686	40.97264769877689	1069.6484836720854	26.27895159576563	219.8312109475772							13.878345249085145	240.65616744938416	79.72728443861558	118.0010181922236	30.82154880189047	100.31795560181595			330.9083730680869	49.71406916565459	30.948854828878048		206.9406223208479	181.4183191453761	20.14810675633473	50.60383112453964	773.9458674300345	55.942333317181486	18.44705875741382			303.60363198063993		265.3447343992012		71.10949395240054		128.0722051129139	189.90681041921772	44.447523429800185	74.14710524522525	107.82046399065712	122.84655630723589	41.02896535053253	1057.3121734011288	25.565518236258423	20.180609231989816	17.160389770158417			41.0063609320786
1050											25.98635064225489																																																											30.042715073475087		
10539			34.000001368119904	52.39787251110223		197.4196727344564	55.84812297217776	15.000009043788085	10.868881786935216	53.563912035362016		108.28660153146696		46.15068630714016	63.24754977617041			13.00000001026874	30.00005658894337	103.75729484813584	718.7347101830829		120.98167293169696	13.99362142180461						121.38497726861104			872.6295920779073	35.018433097087325	64.31452584110079	36.87862477323485	218.48089457262125			44.84590588302333	136.20585792814867	67.993814637415		53.28773330013046	373.0991058607096	77.12429605454298	32.30233801416863	713.8717873391204	379.4288763653665		14.938993262320272		10.217846668029496				53.80747483465639	23.55812534112058	75.12387071329073	728.2793367495489	144.5165381605719		19.97505563860707	59.01440334765075	697.0739048401159	154.98477468956906	20.94219172310617	116.89978610327094	18.00178181557024			696.5855098127895
106		12.013643114064273									40.79561269785624				13.0			51.63785031988557		161.69653942722027	105.06413691672596															13.97572614371307					19.00009940167838	381.1070360120126						103.85850168733522	27.99994878053114														11.0				44.93062321939454					
1064												50.34400842527763									205.027171405616												606.8872056545662												18.97993437076275		265.06555390969976	204.63196424862792							45.23378202599764						462.9467884499833				21.00016162591137		51.946083871877065					20.98522353196775
10649								12.0																																									12.0																							
10668																																				41.99959074312555																																				
1069			77.56527473165634		37.12713823900788	107.53408999319358	242.68717856430072	24.41573917555085	4181.323690450654		316.803439415459	72.07923978186226		3681.4556233964176	253.8324430314742		125.60700559408308	835.5680648388982	1068.730012405025	15.84275933702562	4886.065792948934	2039.717139668346		126.56000879436117					93.32674988066393	52.15117729335014	19.947382859544287	390.4808428150456		111.30663980982968		308.8212363824214	12.11459158698687	1881.3826515672365		23.19827823610736	2496.6499953182342	3077.200927557449		1473.4878160104377	33.929248952130926		42.008929388628445	4866.659132158125	23.40174458687969		97.85906803030969		45.52270518911916		594.263132651421		13.289478917145676	129.31241240687197	4793.897532832212	33.80112132217474	42.703856826270766	1415.2548495479848	309.28945740309274	3706.881586436131	2592.550691452671	133.2696643087697	141.7786575470722	2840.631813718541	4927.500338031249	24.299575453493876		2591.2654714277824
10700																			33.34775569072251																																																					18.212261415752927
108																																																					11.0																			
10857		564.5640269476838																			97.1806785493654																											96.04976737125176																								
11																												93.0																				19.96137531060968											50.0													
110																																																															12.65416637116135									
1110					328.6798673161192																47.3349887545638																											47.2896707239884																								
1111																			28.66766346768601																													19.09125908742596											10.05325773627648													
11211																												136.74749968325642																				13.972962717302442																								
116																																						28.99896397098675																																		
11665		13.116966546826182																																																																						
11780		2938.317630799635																	19.27864149690824		390.8717983822914																											368.58815156159																								
12060		24.729681622409714																																																																						
1209							92.51066201213364																		21.80659525995422																							15.463485678952164																								
12148																									22.30888941647621								15.99999999429017															27.337960828941355									13.99999999077185			19.55183789768642												13.930975299293891
12481									14.00560899329141											13.506261708756444																																																	10.755101433961146			
12601						11.0						14.0			29.99996897536688						45.00088769966671		66.98948038858224							14.051039051063691															48.44276491817987		22.16783605442572	44.913982133713965					15.999999999277357		14.999999988355006					10.0	15.000389888306616				19.0	20.0						18.98648448999469
12609			32.91096786266168		24.14701661772792	418.1632609650179				13.867440071928014							30.84579596847216				88.68800773832263									87.28020050941919	308.5790542780797	138.81966863181785			17.133179510394687											144.4304788192639		88.37774845580611					13.823987463497309																	293.19824045005674		
12698		59.83072656217725																																																																						
12745																																12.775573687616792	33.431699514436																																							
1281																																																18.797122436886173											14.032770924940984													
12812		132.21909566248922																			218.74407858604505				206.40974336753703																							217.3475534830067																	762.6186756515095				232.8383572130116			762.0751037207026
12929															11.001443373693858																																	15.87836958841358	35.16878695175516																							
12972		119.80767348954764																																														26.28942122868463																								
12983																																													10.991052279890289						11.956901402282346																					
13		84.0950115995167																		48.69044904385215	113.04895877169744																				193.24815133980883							44.02613581476638																								
13091		10.8301225295669							23.926268377871057											136.23277471400215	45.41545557573118	23.13291236950902				39.0																					92.83835988191451	45.64089447342861		33.00000405921338																	24.414500349324182			15.9229393332304		
13432		40.99616143599717																																																																						
1348					483.4148236176813	20.00359623810107	43.06380030722612	18.73538512694647	21.97937146557896	13.996503597226624		26.630744676639267			66.99962068600061						297.854075601369		76.96394009620751	44.56068200851304	24.878002885593062					59.97578581722247		15.00645252823391	57.21559960335307	13.997055729898769			33.77434505651207			144.0787995855246	34.08627608159958			14.047501217967104	42.80057420629351	80.63173918564014	24.015022397170146	295.4948741011147	50.884960316331714		163.24164640378063		11.011880259618572				42.2780463885992	19.09624700200045	89.31047542426917	99.790436893372	18.55477888716152		12.802950112629048		85.8609583454783	50.80379778727392	42.03802033039796	11.999999743913332	23.25378154609748			85.35728330167751
13498																																																11.644535280777756																								
1360		200.78850482288516	130.0000033211544	171.99657206024207	3805.898677004637	239.96125885840743	461.1311948600497	459.8388315493422	329.5354370680137	81.21583976301619	76.98933283561135	458.21260009692094		27.99999988361425	218.4104112199948		148.22756314992247	98.02633073778416	402.6538298723687	43.76823446398544	2362.1484246126624	223.73795281498948	208.57432558563872	60.00011719858325	115.40823742427298	1255.0000135996097			10.0	872.6983765475344	40.99999999998226		115.7367838851244	57.967465061594616	95.999919217903	231.39062678549277	240.6451345338384			258.83504701475226	321.06823079895213			67.21903815369134	418.1950650367506	672.2159689161591	770.7552855658545	2353.5847766742254	468.1839325431594		1586.0532026776712				272.91175299816024		134.00693358635178	126.20922348700822	800.8071214652032	116.91248135791024	478.6439733587406	13.000000000384162	46.00190758057218	100.00034023564764	392.7776337350032	231.75916840539884	331.54116176278086	15.999996440039505	425.9942236213374	246.9999148149272		392.4831236048385
1364																																									12.0							22.955581606177933									69.31101555509636			40.92422930184475							20.0					
13786		13.35878980338109		235.00361570394787		121.528504499579	40.59821835015715			33.92112530729008		318.2176778609624			33.42578953907453		36.04869186294879		23.55647667776422		542.8773131937023	35.775429046476425	40.96928579887199	10.98348697222606	91.83924232316866					37.29837288957208			71.29547688944913		36.64842238402687	20.06843868897523	25.70694466929077		0.9999999999999996	100.6201154224035	15.761648096070765	112.3980955071072		37.110947633968735	85.27443730791857	107.87306038425383	17.132462665616178	539.2019609896446	72.88794713665376		83.48744770410494		144.2854303294511				17.12216308696992	13.107804280138074	66.78779226165926	76.39689347285042	144.52648504489014	386.9942531221847	23.309221732817488		529.0784004546983	384.74886761852594			11.845383303942386	14.411809799079766		528.7041951492082
1385		228.9975179418292	21.99999999999849	10.99997589036147		19.169404735055377	24.482358117000395		24.0001202885848			29.744519530391862			11.999999999992598		25.99997491995605	14.0	49.00000001807823		186.19405227483776		24.12248425046479	24.00032462020557						12.0			25.92710927688829			20.03298849366149	16.986915374324475			19.99998547957784	66.00000001088875			16.045223776151893	27.00094128850844	84.07009400132522	37.00000131533767	184.8242639381092			192.9576028513567		14.999637670581723				106.58238670843868			51.74988063414883					141.7467797956161		46.00000013766845		59.13490736160268	12.999999998818115		139.667813409744
14013																																																																						17.005719760729527		
14061								14.210382785537565		16.827958962445											49.66728512051965									12.817152443517744					10.84337231508691		62.97763888587615											49.57378881687422										42.72264712719903					26.81199975965721			11.547864976411766						
14094		55.40817962290655																																																																						
1416						22.000051837002527			82.88889897152825			50.29558872327971			111.34966134147938				16.0		132.71506446066678		18.626205368210854							18.313751861336755			57.022013556200505				27.23186006363188			20.500864824992817	13.038011843460366				24.87358885809111		32.712800845744646	132.416934720924			221.80080675204644							12.90254120589526	24.05346767411373		59.27965492200638		59.82132481115394	32.92200769038635	72.19370143721791	34.5486257704602			11.999999999996284			72.14312621893127
143																																															22.0																									
14393		59.583507824980686		515.6256773316426		44.544145679623576	50.9930855942004	33.08751903311608	11.000768842351878	155.54203670009818	12.021008010127389	445.9892805134071			546.9765263695136		14.739710962236389	18.039504498946947	13.999667402456852	11.956736664563248	1567.0564719232866	182.58972700333905	164.21053506976176	14.950332441966012	1570.8936809098052				28.999859563209576	28.00810690469477		75.11943055250057	170.76508018784332	43.98226009952867	181.00831866726745	66.20423209093973	60.20384626074773	21.999999999999982		168.22920807294847	735.1080400333184	59.87573198990193		248.51858539299295	236.99128230001057	100.88808110689332	37.87547540148676	1563.084875159722	179.1968548126328	19.45455213490725	26.474804791490293		180.62674984896717		669.8701941576344		261.19989713384024	10.905187556394418	150.65329271853432	249.45444078751012	1757.2386874424408	369.1586518871293	46.919544186568245	113.02133549773406	576.6079661703814	183.5750004278221	57.85339339676101					576.2202513855178
14444			365.8319819735136		402.0725480540155	5905.728210004009				165.65546222234124	90.98115084872234						473.9985235582237	12.000000075808918			3713.076998479614				29.000000000000743		37.172950920870825			1792.7954082459887	10603.075850685293	1326.9268564652723	58.46522120330624		219.10112088241883	61.63834679469068										2132.1009522071363	118.07307473659128	3700.7789860205057					156.92602776430172										28.9940604636							7857.446611437941		
1445																																																18.64376269702363																								
1451																																																																						12.957284926524911		
146																1.0																																																								
14683																																									13.146669227361564					13.999871541033784		13.3327357554316									46.911827131538026		17.302405034876134													
14724																														16.30733826193909																																										
14835						19.562923961933464														418.3756907149949	40.07997177121584																											40.035745889289664									84.16799509212365			15.872913451365513												
14882																															26.561205545276717																																							27.23403141750601		
1502						14.000000000001224		24.0				20.00115293440101							13.0		113.0000000020256		10.0		77.81297417199964							13.0	33.000014265028895		11.0	21.0					43.99993104827935			15.0				112.78177050612572	11.0		38.968424409609206		45.99999999999999				12.999999999999998		54.00000000007982	61.01168003842223	18.0		29.9999999942	10.0	80.0000702423171	43.0	62.99999999999999					79.94316279433995
15054																																																															14.438227146271522									
15159		164.53778426432436		24.375313926267125	146.0001006201188	164.63278040272772			10.99999997919619	24.00449226773435	16.03927852974145	143.76309862653414			186.63766486227183			11.913697718544368	15.487675845099616	37.98724730951733	447.95812508085714	22.99066918275331	85.05216940465671		370.3497940753327					28.001451784283866		17.220396807480736	39.377822355241136	11.978704474690185	29.79957629261825	17.45020315749983	40.8344824090804	10.000198385740603		66.69290368702586	202.13274294359684	31.073366153032424		28.34804260737709	50.668686423784855	58.48778880112008	28.93808978124192	446.07874050999663	77.2771018132878		17.24148533857078		53.87641693870432		53.87882056883869		53.854531082071695	19.001460775950854	31.002520707905752	22.929384458974315	20.571833923066887	13.395180555720284	208.85176081498915	46.43607983173957	294.78203265203274	169.02479872802135	15.080583427732892	40.38741150042653				294.5884642712307
1532											26.13582070392411				23.0														62.21000676200899			31.00000000000601												15.000038809819422				25.88663950868677		63.54452314786718											10.999999960249486											
15321																																																																14.292222787795444								
15332			6942.870400963012	55.99064807275055			594.2971002148512			2084.4095088591616		109.94500141700443					19458.018976402396		1464.1161280296028		9441.969925257275		638.9476579029337	1309.1301709617132	1397.5424590699677				28.0	452.8294405925983	8656.417693631758		110.76886790108064		2310.351128163205		245.5861532789108		2.0	219.19776013723668					526.369581351131	944.2944442412812	141.04027557362232	9418.265755986806			17231.198332821485		10408.253801759622							19.0					623.3242780938403					9041.636115819709		611.8563354769107
15381				14.034187527921832		13.999958575798324	25.473917281526717					67.34084618157534			16.826653772801688						106.28020876638637				211.5603640997496								34.17377586058933		30.75563611215656					20.86084819153336				30.706301886560503	60.14223148381106		35.39928032511407	106.06054736511776	25.932966829454276				10.092558171399157					32.28512063712876		26.60282417279181	18.74895667283586		23.274377800751687		46.05370642094397	64.6568098665411						46.0239753382727
15397		25.01392521740011	344.0182871795534			4617.336145023174	107.61321647267305	13.492879577563787		265.59803081718644	48.9387333518869	33.274078415570216		585.5856331944934			455.7470643271231	1523.3951487196005	1788.1221438620707		5498.856973417073		108.70893447156416	133.54531612778132	298.39159308061727		44.00001156933631			48.90640129004412	5338.329805873913		20.22848041244267		275.5103314832545	1368.8875051027946	57.69944571978849		1.0	41.9374714252		10.275566355807554			130.10150157936502	8261.740970402412	50.4968516122818	5485.740135949258			558.448646447801		946.4475873727588								22.75821023913408		81.57759956362847		3793.197228278933		31.84280957039778	388.1549085350518	1048.54860250528	7071.067281635871		3789.022521474677
15416		17.923634790833553		59.8171598637922		26.15923374026029	30.73148893153977				11.061858125039338	84.16320778763092			91.59567540965176						266.59506917616994		30.899480175740848		179.2730987172941								153.25200770859416		21.02148518451997	13.367073413802435	41.273824223291705			67.2358216687171	29.063196814513635	13.834056707631513		39.68094237684642	50.84961514849787	13.27367648878404	17.714423318176127	266.0455090810832					37.59317271340474		48.977383626449054		21.177934421664062	17.925431570789737	14.23322466066467	139.8081175120381	62.53391966208162	28.037375230303248	33.40870765589708		131.02116114347777	266.98494889432084	12.85815581776188					130.9319122371721
15445																																						26.57393237344202																										37.50417655140864								
15480											20.58735648051673																		44.86237666148994			19.98463723084498																20.56632653019073																					33.615889578594896			
15486						88.64219698576203						14.999513964436348									47.53165257186559			10.01156561216766										23.00098582679413							11.010659839063218							47.43422697778028									28.00012025099143		14.017038402524452				38.00056396102559	36.172140449581775		20.91605030605909						
15759		110.69094970733056							176.27184821199504		12.82462093312354								38.04754702306635		110.3484243842656	11.029366717889424														153.84168537322614					29.979594923861534			12.011699973698343				110.1394557305858					10.17024778987004				101.44742924117013			90.91063611825678		10.00000087652391	15.877898919782211		86.9933428126466				126.78953844860676			86.93146159460504
1584					39.413416069310735																39.63240319853152									46.405053218568426											187.98261917816103							39.61848928600093									45.96272266870117									22.1666728747622						
15859				12.000000000000004								18.00000051503184									49.00000008541159				26.99997219850689								32.00000538881026												17.99999999869374	15.005732404802664	28.98748170649093	48.90536720684722					11.272719933794418								37.00019503099886		27.0			19.996702695497927						14.98932986145748
15924					2348.1787788794086																264.45133107335204																											263.8943248987704																								
16015																																56.14166223842651																																								
16058																																																			32.14929338237536																					
16087		131.39255856581192																																														16.66015760387663																								
16316																																									24.094681073114216																															
1632																														12.81729530549178																																										
16350												15.192149746260082																																		22.76933428548168		14.644699055071094			14.223380448965662																					12.672004672883435
16573		70.24707766747855																																																																						
16584			11.435322109511525				89.1963073114301														49.00341784207641			21.0																						20.0429209161638	25.0	47.91071205658221			199.4132140682826							79.76947746780492														
16667																														60.467505426735016																																										
16841																			4083.1580989532185		558.1556688659966															37.95735368698389												551.9826388060478																	164.36559750307936							160.46668742199094
16874																																									12.393138816364166																															
16887									13.0																																																															
17098																																											35.60642626546355																													
17135			474.51120085479647				417.5016202636036	25.00000000222637				255.43598228115476							15.999999946430927		3417.403248883934		2475.867946495019	308.3325898168949						10802.70547777831	675.0862416486988					147.36902087214918				95.54088296371664						9600.257571049764	30.99999999993513	3405.885918191713			223.34863473182983		313.4795334045809								16.99999999987149		55.99999613562666		244.88358446432548				1512.6156604497353	780.1068077792294		244.70959443243285
17183																																									30.065877702787397																															
17197																																									175.6055812241189							27.945925434604884																								
172		114.80493243272802	34.980051472885194	124.1600332246001		290.637708967884	323.3360688694854	79.660557535241	65.03012422907354	65.8772285974317		486.3082883748873		18.999995591866057	516.2068105731277		52.116575126329856	83.97862918173547	163.17956062455255	63.84152650145435	2118.9531136190835	148.83125474963927	119.52213623459716	52.09724307972877	491.4642489001405				17.37066495619895	450.0007801238068		48.13606655915685	511.5582404516991	33.88939522634872	84.71487522252363	120.19389774634465	316.8406774575362	31.00899091147341		793.8617893293662	463.5575714237677	165.84492292014485		351.5788404204477	460.4138043530113	396.39582099853226	396.2506741315089	2101.3529832495524	597.9204175595893	22.7101985746825	672.5172943622763		328.46305506185234		16.350662309455945		736.3900088533943	34.98104075104111	963.5969847322036	758.6622933361892	338.1269423290726	1419.699172444034	248.7196225378069	38.66976321366904	1500.509547102551	582.1137188775198	67.10978678990257	27.99422080223368	34.39430388587366			1496.3801890294897
17215			11.999129094942909			6629.625194909529		19.842408879581075	15.786744099161082		131.803418340937			3258.4782820641813			72.52365821291139	3502.182443984069	4327.095028136087		3928.167259781911		86.97832699509749				54.98362817614024				15.937280573150584				15.398839318630708	555.3588639485245						104.94073178340244			10.638947523867254	13.839950069737675		3919.650153961809			11.04431996671769		60.35758210425916										24.291644764199887		4635.004889628027		790.677090533937	3358.8396404592395	1665.2585375177948	28.075125452359128		4630.70692163429
17239			49.83428886601806	14.00000000734755			67.91826989965105	36.99716832622016			19.00147576914937	58.03018965398041					15.999999999974555				231.9381793991177			107.98565280609284	43.72819605552391				12.000000000303393	135.06767299862273	11.0			17.99999999828511						81.90690510784599	10.000021223332595				52.99997571327692	171.20410375381894		225.87544437368612	114.53752201387051		688.8849263288889						34.99783911325688		32.0	66.85640894181199					22.3201242554334				42.02083533661277	11.916978276124905		21.314714574600792
1725																																									184.9943156935155							18.963309723840357																								
17326		132.88447866899818																																														15.962003529273654																								
175					1768.1873687051448	186.1403075488394								11504.29888191091							2536.7462795462466									67.99999999684346	170.59829577653073															2424.1642468149503	15.000000869076793	2528.851138731516										164.4139485812938					19.99999642900621					3970.265832956559		225.6409133425891		
17592								25.988597417426615													74.99846940858502		27.60502570785065																	281.784228677318								60.07739563459605	12.010738226815818																							
179																					1191.0397942180036																											1188.734038245288																								14.98932983841567
17999			59.42214796663344		19.897950936799568		17.77117186397436		591.6996274867063	25.12290193054546	20.623019326257587	151.4774982772161			14.121298355516757		46.91957698356493		23.120093724017927		356.9075516949721	164.70189879678622	18.254458192403327	13.372406615741395	21.48810932980568								20.22267998299004		28.11996288903548	20.507184202677696	15.521906711263076			13.92082957235453		54.30381224140378		27.96644286621833	19.70581992717132			356.1324426965437		16.831155102906504			94.08583227835472						27.64487529506278				21.418326993208105		449.00265230175927	40.75160515333442	30.31147745999134		71.97274407129697	47.98052229918001		448.6872806321083
18074						20.999998326233847			15.86510703031758											194.00559330192772	140.00869192659803	24.03165743986468														16.703423222237742					10.0	14.000000000046663		24.0	46.38291553145911			139.7964602612924					119.0076086523774				18.999992382580324		57.39572961739376				75.04485413873702		36.000000372781905	58.98269369297629	41.27367917146812	50.654340502848925				35.97439203788106
18077																					57.84369452753017																								317.2453903956265			57.72507446971412																								
181				10.981174461548886			27.445758501263693		15.007756989323989	51.079392553608514		136.80407167041238									161.8065528843797												36.33658355669822		53.057400906646805		119.86831215321374		1.0000000000000004		89.99291404469787			68.84369539403824	30.460365026484823	14.000000000000004		161.49516387610666			32.87013462309764						25.626710146746117			343.8106617922192					56.03924195041369		32.99993484494374					55.99957841264456
1813											36.99553137349949																																																													
1822												15.999999999999968									39.48479477493268																											33.81670337375341					33.997211925694366						28.001153130265426							34.97429221973701	14.0					14.07356608923058
1827			2508.159280757256	146.55784596594637	163.0353329655914	705.4575705417203	3732.587804312223	3658.135333871949	5157.429442165318	2118.993219663564	5409.744316636099	1083.8147277699609		5070.471637739334	3315.189464134722		481.5859169857199	5578.744882057856	1529.1242631125183	18240.889964403923	27073.65008523714	1916.720731186933	101.42123983215996	3408.2397286433143	196.2892201468964		46.33863494244834		10766.088664063653	1994.6796990851567	2930.972563749556	13685.314197491423	72.8951200886082	12083.110931420386	2181.1698101420466	1205.818678217362	4427.511549964346	2697.3284197339917		348.0027053964032	4902.583692962132	5376.369046731084		2470.726285789328	70.83620965764005	757.0334291398865	372.907512080332	26949.55203672852	3989.575271241413	299.68647806664126	3935.6132808908415		707.8637537810614		6102.137834015935		5108.749307557879	973.8950352243966	3742.728439245839	12257.517954166566	752.8041329981107	1427.7015780717695	1573.1352454228834	3201.1299131194	2857.5642757974897	532.4711957917302	2529.4771647770967	2801.641993323105	1729.212973753453	2266.2968715200286		2850.075686555828
1828																														19.25226282065671																																										
18316		12.630319676545254																																																																						
185																														34.0																																										
18507																																								53.80408351983156								14.77329975847958																								
18538		1942.9293506322983																43.99498273009535			331.2051460855578																											327.82791052792004															13.999996870304688				20.0					
18587			166.3023022372849			96.76819009207053	463.41616914169737	192.70534042398376	58.70640169300655	458.5164087428803	306.55548248019886	44.060937238484975		114.94273070757544	272.61292877726584		111.69309499905434	267.23137412056445	103.5817767559496	3005.2459519339623	1879.7201318179875	84.80347079305375		335.3800315721748					1122.004130310151	198.1383207139784	32.49067695881549	153.89078722589764		1857.729225609316	427.50125746817577		117.96872781536489	250.4631405324609			45.06310915914642	271.4656200507169		118.7522627901122		95.41359507678386		1875.1271882514	318.16368376803143	78.91027746374567	442.8911763304		103.22671167942092		46.23177581322201		509.1722875278424	29.349818110385176	42.213152297464326	120.59991666570974		26.97965476820008	85.4143778687783	190.32300284932376			60.00201972570176	57.443261201847065		16.985912843753116		
18594		11.811643461539967																																																																						
18692							85.43646256761065												586.6063867257207		249.19733685501043										153.9993205591314					26.352457295795357											104.11969235352888	242.3898111659316																	158.31498271595737					184.4281754069499		157.22246441375685
18791		12.978918105531072																																																																						
1880		167.86372589012257	839.313725556214	967.053209597829	26.9999999999996	1278.030248219405	2027.3089740019232	595.5259251203738	318.5065289717782	550.720093124937	487.5269456627346	2485.0104594050817		50.87787037514298	1407.5986323733746		108.83027021457409	45.85662664561926	357.9363029201213	330.2791493822509	7682.523958893899	244.2217288303185	984.2266141308068	1162.221131748198	5205.121273637989	117.99998640039028	16.247357320021827		93.9769811724269	456.3299111770628	15.07670128701822	235.68016465742508	1547.9187457784426	495.9151049028903	668.8380815546759	466.092847358504	1889.461084708997	96.87101434689578		1725.6054604025987	989.466693871982	254.70450672473		782.997343866627	1061.9022660120197	3404.5632156943893	696.1177701502265	7651.361721761309	533.0481172091418	33.3352235971044	1177.2566443825133		931.1649252779932		1098.526561072539		2594.700420351858	452.7397294751476	1355.8212574973415	4608.513515991042	645.6328396896969	358.40951082077106	1183.048240059259	560.0834998427041	1423.0204388780005	3893.1322087916833	1635.5527068108704	126.56790943497734	310.324716650894	195.0413641569368		1417.8766376849712
18917																																																11.0535369747916																								
18964																																									31.999999999463327																															
18991																																											25.393573734536453																													
1900																																																			11.728465274270985																					
19414					25.0																																						64.0			37.34471081489858		15.969100248345576																								
1956																																																																22.0								
19560																																																19.961375310312807																								
1976									36.37333015611631																																						98.7924798396718	13.19615654397608																						21.71995462248812		
201																				118.50547889465577	37.75876636979392																											37.60886037801372																					20.91171959089709			
2091						26.702523124067213															188.58140908388475											1562.22537223742																186.27913102613184																								
21		4320.9102461359935		73.46360386663969		77.38718214529366	66.48689602151383	13.64176603064961		53.38603934801901		135.7140365060071			38.46542461990931				28.819254380721198	120.49788784349523	1184.7293428692456	15.962585673535978	51.88536140067238	13.967002159881432	553.0634094081877				20.51785266246968	14.226127068736597			75.40030260412178	50.48664659398128	73.41816327003397	21.533611503589555	32.22521491798387			69.09724828184119	107.24614217599292	31.93011210822341		105.55743158596133	279.95093405896023	28.23382668294965	42.50876008580149	1163.924611203106	75.60662691876523		44.09221546274755		52.27856657924183		30.8798690089561		38.507768053046256	36.3534633500641	43.61437015163387	249.7061605319696	74.1082435661464	83.30453541933558	57.18024403996197	14.021218576159876	326.758603509531	277.3601189299275	11.287153065231116		12.162541819271596			326.1683164030313
2170					185.58658393068933																71.26461128955262									110.59494828429354											283.3483469080284		21.0					71.06382021760243									37.58075749520976									24.833326014648588						
2180											33.66847095255771																																																													
222		1124.9611040338025																81.15038661145107	12.7213441848663		227.8046047960988																				13.0					16.00000312925618		224.1416622127477											23.999999992074795													
2232																																11.40279718532836																																								
227		119.32334947410544	105.95686767938318	79.96778516098676		101.25144793177007	293.1042371606792	30.00520353638801	80.35244298890599	108.07287177383958	67.71144871752014	118.44330097835784			165.85254031008077				48.97562192960756	60.0017003238482	856.7192433107483	18.692785870002663	193.3393905797688	122.27991180130752	863.3521641862814				17.00000805351219	19.969230577643565		39.10126662178879	457.6208311967772	64.18309350445735	107.24720311606902	41.50360481198296	153.46717961720492	13.000280547421902		94.99737477771971	180.57650422793563	33.13804854151216		79.24035989461393	300.2436144182917	177.35030751022455	134.344946713372	850.5420233938664	79.7875501784925		12.9999998477926		135.36753858024397		41.02425427577195		328.4956083439112	18.000007488361405	85.76082579728681	205.57032221664545	126.25263298402405	36.00505262762152	128.87994075350673	197.94885402024656	242.77363514169667	373.6128027583691	30.5191052008666		43.00187720817775			241.61299681118248
2324																																									10.0																															
2420												18.999987144375545																																																												
2446																																					10.37278347083313				104.15480454586437							17.622511105002356							213.9488156081456																	
245		57.671049464635246																		26.539179575361988																					60.29519439801752							28.79172565288772																		36.03062198484151						
249											33.385304339187606										115.73181737224958																											82.26620618008207			26.798861268324902																		61.857664466673455			
2569									18.231447189516512														16.493760352011964																									14.341205526128688					30.069307299497712		20.36360844747205								23.231712037470118									
257		2642.747911935908	257.2026298738466	5329.439714417357	1745.50868615224	2633.1089482801262	1557.2446701131637	664.4050443523815	519.6459043661074	1054.8997468533164	130.85512106240165	6576.481097837182		125.4345396101741	3111.381998188119		251.86520504354988	466.34366657869856	297.20199753594	215.23262094989752	17097.01844448221	880.5736690931312	1858.837264739096	625.6569579030205	9523.936036266348		119.358582174092		282.0899720237331	644.9582001675961	17.006832074910765	462.8925171637836	3312.296059625516	852.5166433652371	1250.9849479304996	661.9401565051104	3328.652179267263	242.1919456832874	1.0	2283.904763021598	2143.2241339737056	1758.3085018930506		3951.742659592794	3449.0640400101656	2202.587240105904	3289.5573073562105	17032.925719623236	3915.9305051512783	150.14601797122288	951.7430028342044		1853.6811487896607		1863.5968155464636		2761.662746825653	3261.947054820273	1806.1213739032944	2868.152587520894	3556.821206371327	3412.0742212578616	2363.466948726344	1161.3425597583882	12135.905230563683	15633.77668136494	557.4895385489206	544.474485356139	399.20625617972473	45.36484617787582		12117.673258299135
2647												17.948932935674833									39.11606448137687												16.354598594282244							32.76938856934035					41.59702059951867		19.90871824351095	38.58514393583362									15.722387754962709				11.165313038839688					26.50826782255176						16.001898808992387
27		173.79966379921413						14.865533460537064											23.000001276583298		117.60865846449116																				57.8390080649725			10.254946760222673				114.8448920521024			91.14196037001057						26.723505188621004		14.00000000002622	513.5663938617306			18.020103014255216									
2725																																																																					27.91760046285548			
2734		329.70886404131505				16.101508948169204			14.055647893786553			15.019368487665302								114.30589438961228	197.0985176670326	11.04856862727654	12.94588408497385		39.56342385147991								17.651508031265802	19.535990964571862	12.079111613035632		12.505466183964078					14.57862522749413		17.245123529704		17.01816050545772	20.21980496832338	194.62781375255256					72.47069698164111		14.971863952271631		21.50292804484056			45.63725855448261			16.945806939009834		135.54933937298176	34.061754513692186		34.07654843416072				135.45474105914693
2744											16.891111393575795																																								82.19898782186638																		15.473330837019525			
2761																																																																		29.37183468773372						
28																					55.09027782641899																											55.65717862390877												172.62359609245664												
2806		40.98613783093141							346.92380648632906		323.6927703661857							29.999999878210584	18.168317085001757	441.1722031293582	428.7670354855842	329.32626539011386					45.0									12.982920431530728					18.74497416346043			54.99973192608154			33.99820922598892	427.569820701802					1509.459042792923						18.0	44.00005266037425		52.84922323701989	11.999999999763547		55.95733056186628	27.0	107.17444238666724		198.47962443998784			54.740353552506754
281		45.47662844287421																																																																						
283							10.291307384231324																																							154.90442891967308		28.828177852567485													12.997493466561709											
2835																																											16.0																													
285		13.0																																																							60.00161948411536															
2856																																75.82243049008746																14.970979762204689																								
289		14.99988551867484																																																																						
2905																					45.60457778094987																											45.53031407509455																								
296		47.02028271123115																	34.21290564333679																													25.895253122013703																								
2999																												41.25250031674346																																												
30															26.000058570232923						151.26849671433746									374.7477215624297													1116.0					150.96682168453145										22.0														
302																																									12.000000000042224					10.655289185098862																										
3037		154.55283331541463																																														20.417843879648885															17.748911755427315									
3051				10.000000000060115		35.99999999978533		12.998366458673994	184.05300583654773			10.000000000000002									66.7936169507297												35.99999922079242				18.69562370877229				55.99999999999999				12.0		17.004122145171955	66.66491517467152			44.00000000019763		15.0					82.04015906101982		23.0					20.000000000013863				34.99999979772444			19.9857731473767
3075		166.59044142858235																			42.12180152482095																											41.0450440284339																								
3130																																									24.288697167135417																															
3181		3341.288459025716																	11.000000000128628		371.6962871343469																											369.9347103561265																								
3327		4324.121574562608										17.00974759360065							11.871878795073108		652.1594240501857												17.38768434426682							16.05629719381675	19.229818610031195							628.8635931898926																	34.0680669518061	10.836051089965766						34.029474672468346
3436																																																19.83917655271621							13.006520553803265																	
3508			70.33050728239002				10.97121745100984			55.16234347417058							89.58790473905034		25.604455888135128		58.44566079088124			21.302262473702378	28.66143905035221										66.24544501123411													58.27536349729591			177.67351995500334		71.0909948434603																			12.500902778698538
3537		342.7561452489184				11.012454505093748															99.26943991962624									10.80249339467376																31.99644484613867		98.50397428473424											18.16443796215973													11.146134912016198
358		186.0790834750862																																														21.567503013911743																								
36			68.87123794411814		22.744348020402967	1001.3504435927248				39.835112104648594							78.4860052739347				851.86104103661						14.82704907912918			109.87870932511944	1077.2003440177923	501.56725018497633	38.72268036862523		40.74401948895722											377.3685085496203	21.871270483878227	847.5384055201697					23.244429917337147																	1065.2745933370522		
3714																																											142.0					20.03480984308918			19.9941743434448																					
3733																																													46.41658354180529			21.511564920888357			134.26465490923184																					
3776		69.98751904264391	16.204464739878865	32.99991353819299		142.47070870160286	89.81504570237014	76.97851232176536	267.97096580828315	58.23044573218083	36.33349660114348	135.47517947077873		32.00165839989876	22.98071670555222			15.000000611948137	14.0	22.94093611670339	580.2252598409182	392.9537641535088	103.81070095903075	30.997433311428555	248.7157400064885				65.0876218029371				106.82633542631336	90.19711532859706	47.75023485815768	43.29112358396137	188.65159481891808	67.05614031502076		31.686042925374068	199.06958947928135	32.2453446040986		13.898681822009491	176.54356413004976	117.40871916156344	18.90922940917801	578.063925519559	48.99387372828521	43.43905892329759			171.11275676704628		35.001522257987254		36.9999999993855	98.65149991001095	60.910030684163225	81.99720958338446		26.05166580069035	112.13523783507716	607.2621465280571	110.25496486894448	105.00589586922442	139.24848365726194	74.98526698898962	74.24487240420757	16.000000000000274		110.11622709816314
38																																																									28.00125612448809															
394		15.36702489610467					24.868414616893794		32.781963424600434												61.46143883992634	74.66324639321321			64.2484250173159																						35.00565790213051	57.20160444734798					22.84156434209096											13.167082026897717	20.04134576155317							20.02650225404708
3972		423.3997830108852																			50.974050449278415																											50.51542554189354																								
4072	1.0	373.4105757036935	358.7885711695565	5683.558897009665	1088.1967941225575	3076.918847176109	914.6292094538504	520.1247802703222	599.0341665671057	2028.9707420355091	330.3003490894675	6417.123766750984	1.0	336.91975462133723	5492.077199257243		223.5928102863208	132.87190977387658	194.37392069326455	837.1764915665236	21745.155556240512	1278.3508637303955	2225.585850475341	572.6965899156232	5488.414699094172		32.74716945383541		1005.1575374872934	1384.361221786075		163.33374083830827	15883.325404326317	4608.750247997628	2086.766035770813	367.36470841954286	10880.046415801811	72.73246249506191		1757.2402558327424	7169.518559893735	3756.9999859308377	303.0003910716755	3148.3372144929413	2680.272055732981	907.0564766590146	4299.439655147002	21673.130523961296	2956.0029918201026	69.07898364903006	1120.964286410809		1226.9127045935331		2271.9940238443514		2770.076039530562	6372.72241985799	2360.313012001237	10173.1696635455	5991.995470115023	4354.600856823608	1882.4423392634	926.799962740534	13187.286027290133	12365.087187052828	1635.1053900193658	601.6856255009999	332.4383961681686	66.12388050533421		13168.848084541536
410																																																												70.25010359821295												
427																																									11.247959379055212																															
4277																																									43.00516152721466																															
4289									49.999941005915			25.99987196330247																																				11.976825186259235																								
4292		175.06135637226458	14.001373591303716	487.45343592531134		475.2018723613112	497.5845236662262	416.87825377594345	223.1569000105561	537.6378335405009	119.43182538890242	1261.2697229952962		27.00004863440469	279.23221591810693		83.03484446883812		189.16290754746137	12.999295887955412	4634.368026359231	43.61081978772113	944.310483053331	234.7350275822689	1269.960532282764				41.99999440082265	2141.989936751286	28.007579860410974	21.793310528698264	1493.9752343537264	422.6851443207973	666.6712348571864	116.7518725666351	824.3068359921972	820.239325710939		1559.8115217544698	477.865154326022	272.47086985731363		464.31569411796494	1426.8202833778298	871.261620208226	1904.9850311565976	4616.163728549027	352.99066331487563		1044.640519623816		146.18479425143764		156.07110309696338		1350.7233946464353	117.03257843101964	715.1599650847218	838.0844686745892	160.72784100250715	103.61716614433271	208.8022072150836	5997.736153006887	2395.1060201431824	1019.9525930031592	237.9444649329305	33.99191461876759	241.1343404370512	393.0512126412344		2390.4287947643884
4353		14.000362833536494																												10.0													15.0					23.713621701211533																		10.000007139668798						10.009884913379812
4355			11.0	66.86212894343004	258.0	23.04875295863883	78.73916220169211	58.50172598168156	66.66620255782638			86.17052386856709		11.0	10.999997202156177		71.05794036505789		15.00000003246826		465.98757441591306	65.02660010435659	11.260563087750231	182.403161771318	46.20308538962694					34.5888690695204			65.87342086694781	20.999958981631085		37.00433363951191	92.09185831621436	15.999999999999998		70.27824974525302	47.99568512661768	24.93650594202007			47.55235046630377	80.51031332999963	111.9591565565923	462.1070993520034	86.75611027809111		76.2699845983172				218.8979559888911		182.062542377995	115.14322959540958	353.7926793390246	44.10033597778607	59.17588104113754	17.000000000001947		26.00000093802817	64.20342627734087		348.2827062418747	10.999993953731051	75.0552826015647	23.10202208932505		63.93177281470806
4417		11.000000000002242			195.0227291326988																																				54.0							30.940131731169693																								
4429																																																											11.0													
4453		1197.986728386611							71.0788763965065												345.4556843697446		30.29143657584549	33.99999829776125								10.0	71.83636375030109								17.552714100411457			82.99828553262513	200.1120293246626		17.00150239855915	336.03826835173606			11.141710624195545								26.976196141549533	42.981258920134536					66.47845868227506	564.8844400101926	57.01143232911281		32.60720397679503			64.96014956693375
4532																																																																			14.106026164090569					
4548						40.06333951070129																									15.679369329526612															15.560296426565738		14.20337100082824																						14.384404042374133		
4609																					41.18508981820989											27.439093086215944	488.93315130743423															40.64102485036238																								
4638																																									39.02221250437757																															
4672																																																									15.0															
468																														30.0																																										
4690																												17.223849902804268																																												
4724			68.98861695092134		1106.438348382808	605.3397308475284	374.1310945725789	19.00000010038136	14.99939600499536			409.5895834740772		20.99782848722708	33.18306172540073		12.0				1627.364049234916			151.83605913993406	774.6119715849065								3486.08356579246				18.034212875618493				315.458115104311						13.968388964467968	1623.2318863906655	1035.6676420556034								1854.7045794675532	203.0543780448536	43.0337948914912	1164.1932764097342	11.969997502341332		29.01167136816973		1311.6556267192864			67.9373426066843	76.0000257572079			1309.8914913915082
4747																																									19.168070888759136							21.89878625717756											55.90751920143473					18.0000001399964			11.970362254730498					
4772								22.950591807734305											21.128074260739517		37.36911055585208																			10.973849924712145								37.294893332919465			48.47576503235367						47.95734984402667								18.854766597208148				19.25815103549405			18.83890287983206
4775																																														10.81217044328494																										
4780		57.00494546589172	166.5662961602567			21.9999991886892	389.1409321959355	150.34759751008696	108.23315950085453		139.92454430530864	275.0459349821335		65.24693011857954	93.5422226002083		13.0	27.24396222161451	39.81467107754352		1126.8244172398522	11.006378550667606	30.968662821868318	126.00332851729677	10.515393676200867				18.0	161.76317440688354	13.0		216.41760674895815	18.000002345402528		16.98939384776915	294.9459500640108	37.99999893324896		486.621090167435	214.3981250434116	32.38540278611825		20.996464254915885	166.9226307483234	715.2153026959992	246.97201899509488	1120.72698026356	168.6155032276011	59.99828656290664	2958.400869990112						646.9755636800777	81.61391839300495	255.11147602014807	155.91240924894893	65.01259477371707		45.88692002801667	90.1042233346508	240.4007180287641	49.913955597686666	339.3651104027837	59.00000072662028	25.00000023949012	36.0		240.230192098525
4819																																														23.010688784463945																										
485			1134.7431963386268	237.5064963267632	316.03915400988245	4755.884601323269	3369.440684152828	1678.7964418750105	1395.2356791061266	3160.6971292497515	3278.792275195982	1602.0945936779888		3823.4080753205008	3516.774433031158		1699.2289065946609	4404.991652408465	5512.048211829078	9699.69889092319	20144.53055448068	4283.914562161975	171.30371620419655	2618.047382909089	334.66547374229333		77.6613649601791		3411.644949890868	2095.15914335876	351.31106968205654	7445.106942538928	52.105163694963146	8568.007355736625	3408.943746645188	469.2144443018517	1830.4235789171348	4133.278709338756	2.0	329.666844552753	1875.416924300608	7215.014599102679	18.0	4689.987693408092	60.11071791151837	793.6616109243653	86.15593132934497	20088.817984572557	2295.0420514489474	1292.5691673290214	3492.867445705498	1.0	1524.9595096008509	1.0	9443.37276901348		3875.181115204123	398.30061743714265	1350.4077031735055	2571.2920821954	1171.5534293937983	3023.412909260313	1758.5918481870312	4097.11548884369	1026.91393907805	637.7290204675325	1068.9424388251243	2190.455628702577	232.30145345791644	435.6159746188434		1024.1691893992424
4886					26.0																																								40.03043125123031			16.967169013867252																								
4895		106.19160606416295		37.704624839804445	10.000259780989916	24.040939922913367	20.351764413180472			25.36013877975976		79.2236414524387			39.01892145287248						273.8801557038243		167.15273488418137	10.97983837850279	38.489584499744254					22.92138859742349			116.45734567706867	11.029797941176463	21.21606531636661		91.9303725981894			49.66933329894702	14.18255513573391			72.5144202470318	48.60365687348041	36.52455580184868	13.154432594287554	273.3644888478957	22.676580980380766		96.20983941252008		39.03234948310947		59.48123351669969		76.57548945444881		15.497460049781935	78.37448178853016	43.40101105174308	34.95162174136514	55.44149085650377		62.54473701489246	189.3052119897558						62.00704073685093
4910		2067.112070501933		13.089100054909329		10.73649198617924		16.148254941386543				20.69982171202732						60.541075017347175	18.004817068152544		358.9207481906976		13.519565411736258															12.000920704800784		30.469476392216517								353.7230397821707	16.774384643465535		12.1926838770342		16.358848985101307							18.624557294141653	378.126070494742				18.51530922763473	17.3675237517971	10.983550285216555					18.504770457831167
4944		318.38754838033185	118.94954830400168	286.4763798431169		523.2554488826454	639.9320189759435	294.6413646716136	177.4178389636303	208.7240899945578	164.93604861228025	977.5202988897252		22.17880830932276	785.2789229792969		82.19503834143786	14.999942533139183	45.96506996913924	63.72568094109026	3368.686418433663	158.65606533449582	620.3492722839243	317.8543035071056	1777.6655000046646		20.64805638359909		40.721105243482974	100.505261016158		65.24877228495401	830.4635765914167	182.40809632932556	248.34443622902145	169.5097638674473	1041.447940529683	40.01599440584033		673.5813676195869	445.3588584451023	120.4862001687368		354.1291465183016	633.8033196142978	474.2786859564771	361.2892992082667	3359.964978242596	228.63873916659108	76.47610718363347	111.38458936987244		672.1525734542737		827.5919477454028		406.3654139194832	372.3241249334135	1072.4451579385754	1457.0831746417089	283.2408016146305	141.97938214040389	476.7467390433223	257.4819003312056	1755.5988480006013	1692.2662689649064	742.6881306784587	57.09523997565846	227.22655665971288	19.116839023197528		1754.363201667812
4958		300.0632893469396	120.9999336624968	39.55816699850632		49.845796124350834	131.44968643563084	21.08185392896737	948.2280358963249	44.63966530984291		172.8142690260284			55.68595074087371		16.044016366207618		29.66579096553681		769.7300003160958		41.977215615086415	112.303848595033	204.04695356900888		10.999999999884128			38.99851297096843			149.09578188597357	27.999965850879065	31.955872231219413	65.44743362946107	255.7198098642047			88.10198306303421	149.725107568638			32.9896525822396	63.93183714430921	116.48227935055824	52.31549422717533	765.6473206889597		10.000000009042065	2755.026667852685				17.00673087023556		151.1694020396919	24.91201665780295	66.07548582408398	89.70806231122954	15.014015137331082			51.00457272939988	254.9297460206004	29.000155564139696	42.63948662283009		61.00148072174045			251.7117578905849
496			13.0	1809.987523344275			15.0	108.99998989739652	114.97791349693787			113.00003686127036			15.643191081858864		24.0		14.326934796530123		612.0244413353289		23.999999933359312	12.000000000000153						168.99999999981762			31.171581232181765				39.00586250441274	43.0		15.000477613709458	421.8209443489269				30.000000040909903	95.999990687298	15.024224122100602	609.8444470697083	39.0		42.00000000093662						19.000000000475225	156.05189459755374	170.01065089997488	32.00671729785637				107.00051786820408	45.866623981699874		39.28963564465295					45.83440356523412
4970		189.77203931274067	16.967105585404436	65.59692123616645	1192.8637446877694	394.6746454543955	1099.164179461423	203.9864425974081	218.46178090987544	86.06250479838151	40.1038540419289	479.1479976458023			66.27050067067655		83.00184972152292	97.614795855192	254.41154130254867		2957.0507551384662	184.94565210213972	357.19316286339284	224.7819353010876	10.594282410044029					911.6673235913978	14.999999999999986	32.999927253311554	143.37910887166788	36.99998692903918	116.79407660779584	28.00061990199774	443.4868810191565	126.99996366106237		198.5102382753811	689.3517762230437	183.06845340986425		74.04813058883043	114.0323930182131	969.093424864209	396.0531603431611	2944.3135249633337	32.27061849788456	11.99999999990878	117.962013524268				163.81595738570616		1887.0357414384043	2384.710759786962	2360.9828362971025	1475.65735591289	16.983539914380312	136.3058521198269	110.45739856005308	142.06742769552392	779.3679363135595	25.337899691862884	3503.5065241596017		307.96492276169295	59.254353770636506		778.8040816268415
4992						40.00503175649273								1148.6031857039457							239.28039716506024																										199.13297148491213	238.8190164899136										58.7083583854476										412.666491596024				
51																																																												23.10996950646764												
5127		51.872927228264444				68.0000000405791			268.66562197316165					10.000116578001268	20.0		319.1040338903974		77.38877512167419		588.3750392646409	38.00183674058949								56.999998396230666						147.98950700896984					365.5772721331441	447.8537897535218		364.1959185439171			673.176653728629	587.2296783796418											1369.5609717186835			57.0000000001463			89.77064489969966	16.0	453.88984722342127		319.21395267714354			89.70688177827743
518																				15.394894317189395																																																				
5196		85.4654304349387																																														15.742254995689953																								
524																																																																					30.257784503980407			
5243		146.4525446734999																																														24.709852784350307																								
5296		74.81847990916063	53.35751015091663	80.59022021919931	66.00000001220425	211.0673792045753	72.33135103447441	28.723834104515092	73.04941116393887	123.75010916978678	120.70951604759487	349.1497987299624		14.998719552983069	298.86127400798824		12.285896383165149	20.884039015690085	72.00357759073242	42.48482668174444	1159.774774465603	54.38905278554289	138.99645158928007	53.11237455175055	988.858152875416		12.0		12.0	107.87166617489976		27.00000000000009	349.80226045333967	44.94814459531865	126.97039708812564	65.64303215454649	116.39519252409704	16.999996067354875		144.38509592630885	475.7954243818179	46.04245519303826		126.75539911042506	1129.8758788425855	219.9519749600355	258.68054716848565	1143.432925578261	79.22564076600086		13.107273563521272		152.23158629091026		62.00095978425578		84.66131691365507	77.0842733073739	168.0444446584433	401.349709323324	349.2700420111533	29.392352044871107	118.85388788876948	153.87906544037236	377.1368595577074	440.8778742430736	142.55026182731	23.99078176973436	60.93651597507439	42.73495933709386		369.8423152090572
5317		12.98583683709175																																														27.25648274557621																								
5318		822.6899009105175																			146.22705149679464																											143.38288673500895																								
5356				60.9999514120874		18.99996236033101	41.99999999995641					26.986664638866493									116.92242099525096				85.89134622899778								44.79690270240978	12.002051238933044			23.089078642488733	11.999999999999998		10.02689512797597					60.99401067838354			114.1986818701082	15.0		94.33183792377778				18.000000000967507		11.008474853495144	105.00000992153625	24.00178127478821	20.069515918803027	20.000000000026287			21.0		35.06052139285246	21.00000020810941					
5389							11.737939225241954		34.757515949440126		548.1432619979714			15.516643120324382	13.706739879827577				11.816455912792271		254.39430955761287	29.55012275114045										1844.6091072796307				10.3696928533059					47.84449025706774	26.720509835030875		21.22668850596398				253.2068099178192							52.27094630228574				14.146051730331042		14.470086307899312	30.178660772762832		24.036998352642545	28.19472145059049				22.10342678632088			27.848708720168737
5392		18.62376654994396																																							103.00000000006769							17.965237779388854																								
5396		16.03190256950765																												12.055062485974576																		17.011508910872895																	51.42321034932756							51.38863493433779
55		24.83730636087148					29.25629791501711		14.065516949370169									11.0096146361582				87.9600030625413																										20.923119992529426					36.63489977853108																			13.750213550059351
5542																													12.741808684710382																																											
5579							28.16339559800589	92.55291753136729	10.712638104186125	160.48910422602583	744.7743430524173	16.225350066922633			64.09924947190709						689.5268078566804			30.765511849371237	56.19429947355477				601.4512816650582	109.8912299370625		1073.3409542338122		500.63830415547136	189.4244176099936		190.74493459655				15.407466698805532	10.897790818319333		17.004588774597565				687.5756462803661	42.858746228827705		176.6711404017456						46.26501760639901		16.45336605431651			11.185426055985165			31.72330863104265				11.188968990720706			30.690165274040517
5607											18.0																																																													
5618																																																																					16.0			
5636									10.739323126565736		48.00000000004525											17.0																										23.962340598312373											21.999999999999037					26.747173624638307		16.0						
569								52.13298766376138													145.30377602643807																				237.2151632615319						17.999999798424213	146.87761150475097									11.792624895021644			1344.670637578737			23.60788752242441									
5691																										187.0																						18.88987201225333																								
5752																																																																				12.768303243783658				
5755																																									17.000000000185153																															
578											15.000000032908968									20.99999753490316																					77.99990001218954							18.926218494147047																								
5839							33.77766286274314			11.999994459506066											72.3375996872393		15.998136275483924	23.99191493747919	30.931867235335496												66.58105212871831			19.17524326872732						34.530193066819386		68.6208202400854			60.62982863647384							41.99727604107624							25.000000110614568	23.999994020129463						23.799298590243797
5855		15.535348288347109								32.54178175074527		226.8174733877278			79.00000047956154			24.0			399.1487197163216		122.12707931386193		215.2729172093813							105.01561517326502	40.96817061357907	64.78971682773616	44.999074850214406	22.000000019964595		11.999999998840284		63.69971758926093	78.99999195589642			10.000000302126654	36.89550092611568	109.93442623087306	47.00011362613158	398.0232134528516	89.75012726135735	19.99999999513432	83.94005596779637		35.00000000007299				493.5225578618192		23.177085462348103	456.5496945938352	207.2768537050577	11.997931396808442	51.99597530159513		202.43527534712624	64.87231125137957			10.0			200.291423134502
59									28.00000071627495																																							23.952303339223967					16.000000000000195		57.00128869803356									22.99999332985547					13.000000000000002			
590		10.466546198766892																		44.124811706820765																					167.53473535561776							17.915710724347978																								
5909																									17.142077369307863																28.00198830176836					15.405559471676368		21.25343651179633																								
5911		18.00000699456531									11.0							18.0			47.96888147743534									25.0											180.40318683273023				11.999999999209344			47.87646887553783																								
5955		21.088471594377204																																														15.722575536677724										14.92900302072992						16.006884624844396								
60																																																											40.9846512486798													
6032																																																									23.000000000000004															
6036		29.72655019628204		17.455455482981677			24.940937208686385	84.00016078617585		1329.2942368687138		67.11752553978135					61.72580955402493		849.2634267068153		1265.1169266138447		107.32760275464358		31.73451267088449					17.963792884781064			84.34247283083447	34.582967790173285	1147.545079300424		58.01557567524577			19.644687596846683	71.43861229944514				1268.2684736843703	21.732925193515364	25.122058726653652	1260.1830442588064	115.84004689986013	23.378826101055434	35.99673531043802						1680.4053847089665	20.55093603183873	1399.840838735612	39.13088290663219					68.91311516322675	21.42757231557062	36.69663102927235	20.46959221824341	263.92336560134765	14.906163794913097		68.83992163459405
6046						15.0	71.76596349404706			28.984129114298224	47.99048919385529	74.74491908101376		15.000059548222376	11.99983773586316						153.2180103961639	14.0			53.78267777699239				30.933903949856315					22.926004523705224	31.00000038847533		100.05283572598692				56.70170481271179	17.04563741850026						143.5390167817928										23.0	23.893765848472945	10.293899263243537			77.12038901477027	216.99881713175245		30.00064284699519	27.0	18.0				
6075		32.4434171344249			16.040767142941565							12.226248837889443																																				16.123996233623043																								
6100				469.8293036052922	25.431224906388557	560.5807016738434	39.82526775508786	71.00012440361894	37.7810417282052	153.72927236303718	16.918667691664496	1207.398918880259		20.075632956706823	433.1125174432144		16.98615933906882		72.55018503428636	53.38846373468536	1910.7500544426784	141.37065691109925	890.9285005462624	44.69586397082434	248.17874057872035		21.000000000921425		21.36069280046865			19.121183441560493	551.6073478930788	81.94802611679793	178.61016232763012	152.20994718060953	795.1126906998742			493.1471131253943	248.2689072632512	129.35313435791173		611.3110098463303	540.5014469597564	120.81244454060088	164.9522507675151	1906.0953251239184	102.14592200690969	57.45632615581808	39.33690135907181		784.2325784949568		241.6429003923451		252.99451709984712	55.63537058864424	325.9613165507771	687.9158780760813	147.0723300648991	163.03350729622878	700.1374395342045	224.40873981956665	217.8256050553044	1920.1175026655192	124.33146380018042	53.675683459684734	27.89397511402744			213.70409335987185
6149																																									51.00000007132218																															
617																																																																			18.97802683435268					
6217																														227.01818074752552																																										
6223		184.09870433245888	28899.382680090737	4122.362886163379	33837.61648711868	31609.449505857567	8875.902703352713	9483.067663025373	34401.53444044412	11706.868589160698	14419.36360632678	18519.38215121007		6213.07303370411	3578.457482928452		32511.838920299822	1806.5192735275125	8856.243367373843	864.0496165641354	111252.79777411916	37242.244784783055	10307.796786276176	21305.485315973507	13513.235472405411	39.0	1183.9988346539533	27.0	8538.870839705289	2644.6525155888244	48.0	222.00186189451435	14466.949519976646	11275.871858424163	14470.010899916402	25802.147631960463	9987.620514718195	12387.470706827988	8.0	11072.781205692276	14119.120375531753	22776.742529212293	368.9996089283245	11050.56552125038	16093.450895894182	5545.672209529017	8021.695487719206	111005.53792567944	7158.211510902464	6145.937112935923	4950.917979499272		19976.27629227142		5892.758249082245	1.0	8567.816448276924	20594.384199890934	11852.809067860711	5095.069364716894	7968.381894580983	7365.569671393106	20348.659248216696	32972.460422180564	116857.93026799506	9777.938179491752	21905.264572796736	4676.858692980989	26867.62030648849	3136.158588266667		116756.899393476
6241									22.323724869755843																																																															
6338		40.57237822496683		40.00090992889437		14.457731592694698	29.00037222719691	23.30505168702547		27.99641557718091		25.35353404202609					10.0				299.0932046789616	10.000087408575002	12.021445955033244		174.64465701756296								45.90279897990549	33.940256973972325	48.09240372345413	18.99652903259165	10.766932165503087			71.26484422606674	142.74777257336672	32.00134834085986		50.00333787579414	90.45502269574318	95.49882656875464		298.3916407284306	10.001584739763334		48.00026079004526		12.004649396916792		164.8765037990231				23.677083527742106		591.6843692643298	29.97727400856349			32.006246289622084	126.40844130180942	47.68866336066782					31.98329178959513
6385		255.49103263104232							89.65432674930632		16.989340685877096							18.035907350336817		49.09013921789419	203.0989520101805	42.87657317749618														18.972943487088248						39.99845117033381					230.47654205887576	178.868079692791					206.8891637230987										48.60301316415444		96.35581332001358	15.00000000007313	55.52034577807239			11.077060866724535		96.11446559242174
6481																									41.99993451510441																16.00002224952837							26.882998947537367																	24.00773877998109	10.257042235464205						23.991292314297937
6493						17.00320419210729	19.77343770570436		12.90289773448539	11.999999886597983		10.148738892117226									137.0525237181398		17.000655582262358		31.480956724033675								30.911705535930714								346.99869307478525			12.174263103927562	21.11435587042974		19.806534836549183	136.7528370715412		11.000000000001684			18.992872362307583				16.001104453334005		13.608783911115266	22.99689954055846			20.005124764111763	22.087113288127824	67.10155415622818	74.09142049229543	11.349965976931411					67.05252066341025
6524		47.56029264794502																																																																						
6570		93.7150009152574																																														23.520898669127625																								
6637			12.564677890488475				53.79865485770548														47.996585607771024																											47.90389294680142			264.079677776839							49.22902889046841														
6684				35.99934402573753		13.03284244136546		13.0				23.951981354130616			38.248365555239						150.925199594025		24.001047580617115		98.145147370641								30.9169284994368	31.999999999999915						47.90350078440307	149.04444899761086				19.96902773109558		13.000511948003906	148.6302673552947					25.738572339363763		134.47640564895354				20.9661875160564	148.53010311066873	172.22772076003267		17.999999988397256			12.065013669480557						14.99075477263296
6756		113.27926311809765																																														21.34587004172948																								
6828			139.82497987290338			1797.4624382655074	260.75113785172925							154.93553036159986	17.999999999999996				10.499013611533115		565.3235174197777			1291.4682465625071			29.0					65.9981844658238		97.99065280080104						36.04175040437349		22.927270031694267						561.2539449335474											60.01316973173539	22.00059506543012						49.00129928117287		273.7695680083881				
6830		1229.7694358031658		137.64353441316695				280.25370885083083		611.6247652966335		15.412522718495286							24.16872283115455		3799.749556891069		19386.968588565585		12.021457742677498					5987.481388838523	17.999999999982187		21.582068222283805	23.002123574203328	515.4812704862335		469.185049530699	48.02793622369264		10.316411060271395	654.0883600438098				30.30012176961773	13.040464192506477		3784.798680775581	132.8860901910393		110.16875565733868					1.0	13.69589729149778			471.18595588458186			13.32590971508934	78.0527850214729		12.209433909506112				353.2909990860542		16.86990425342845
687									20.188734837760567					19.418431425297687	12.607666850437404																	16.39849852974816										25.60328954645844						26.233620427252607							43.18844351297632				16.972345968004056			10.57029702841047			32.64549217111999				29.04728289192572			32.63564159483077
6972		23.067090648007422																																																																						
7045		1088.6910383159377																			170.81886667093065																											170.4877270592259																								
7047																					36.474726115905966				33.061601540374994								18.7173568289346								14.51931461578329						15.911035093228572	35.39606784345765												13.617640111643333	25.98645050405407											12.154944199882555
7050																																																																					16.00000002484493			
7058												120.55467921667996								13.999999999909004	113.0787283716398											11.9939020107872									162.72115989554493						22.000000322240712	112.85931386448402					63.00139290076265				113.97785979324006		14.982928979959905				26.924673506821485	12.990289618095304	47.438607479254856	128.10734862675588						47.39909136331631
707																																									45.15000283564865																															
7086									32.85202842717987																																																															
7087		455.5526574355901								12.63806959470434				25.20455015716847					17.322607753269427		143.6105962864089														25.989499085935325											11.028833485868372		142.2613108583772			39.15248028741334		13.59297699302933															19.996743450117123				
7096		1309.571204987844	30.690866029536934	148.15879424749048	43.15011501579899	621.9321426584271	407.7740015800812	162.20758315589975	134.61456709557754	412.78046363076993	115.7975389478518	688.2141903373821		165.3345517664907	615.8208468983921		30.77116357113482	199.86925900188044	287.4739757797791	413.652095833484	3140.341828431944	205.82033461931945	240.24211656683053	104.65380538021834	341.51963290541534		13.999904473097487		209.94769864533652	168.38406875858396	19.70736807912704	106.446944148965	360.1920423373659	645.7302096644828	416.3072668381951	94.8700937690693	844.838670206187	45.027115434461074		279.43859686100205	380.36092162196366	524.5565363019423		566.0298406499404	240.0096823488323	160.670600046838	275.12846544088	3124.3195288489183	547.5162360319868	18.76499570941137	306.50939486547225		163.1562587693909		788.2943696035778		472.99483518634	313.991467931125	329.6867090990806	1345.903877671992	311.4259036934459	480.91502917456944	453.89127358182463	146.10488044371533	1150.457108333062	693.7429823231612	221.83583481642944	178.0057439351317	76.66206591315525	48.66223098608653		1148.0090150182375
7136																																									24.0																															
7138		21.995166037188053					125.68651301142488	16.0	36.40499557210581									12.810626386166287	72.50820012224115	40.000486332448006	1052.759864217321	409.5750742930708			2683.8930698624044					21.0						55.06493640049075		495.5726848088444			548.8441987149794	67.00000013489193		194.22553528508928			1207.8374462964346	1043.8785538289528					152.9583484981881				1209.3150712128777			171.52726572304684		47.94904865092485		914.1167487787887	115.25095863340742		20.998594687696567		19.364208535750247			105.68968551181104
7170									21.147532694823028																																																															
7176																							17.48650199904911		17.46722494621863																				44.18680140038274			26.46566994828601																								
719		21.12077611830165																																							69.00563252322785							14.971028316213166																			23.999999885979516					
7286											54.0072756849355																																					14.97122724091786																								
731																																																									17.486138921606752															
7328		97.1208485192358	69.00000000230145	18.0		66.96237103768544	229.51247565692205	124.00000001421952	170.00849886597086	67.00000009467334	16.0	96.1858002060059		10.00000000000238	80.00000000011845		37.95622729444259	16.0	149.3168637943517		578.3414955959844	40.0	44.99999581371976	28.999999995950144	27.00000000026962	18.0				251.0			56.000000000000014	16.009093805136402	51.59642830443041	45.57665182740724	65.99999947430663			70.99907250901487	62.0	26.0		17.000000000000007	128.40076167245826	72.03825112050777	97.99999999769884	575.2520139357532	100.0080018980948		157.00000000000637				126.95428443281736		67.99999999999989	106.10358976887612	150.00000000157544	73.99999999999977	247.65874083905865		16.0	21.0	160.01438788786427	55.99999999998006	164.00000000231705		160.99985979506272	43.0		159.90022248504195
74		1945.0448077585488		15.00908724207482		237.22241425667409	11.00000067831429	26.00000000009383	398.34766056458966		150.20569756930303	34.0		16.000000186287288					29.61066624202268	1670.6045212738118	1271.05987811729	410.4231801303002	17.506238909271868		24.84491909071876		92.0		36.000000000019	16.0			79.95005308442205			19.00004482533044	35.627216660866274	80.46786738675746			126.5996144191795	107.2481715271094		43.68020239015579	35.89246914982647		250.01519690805196	1186.01427024013	14.0				47.22577035554217		255.0054179092091		684.6700291757809	99.9840997715893	24.08901512535473	122.28486612005328	70.9987749787847	63.779791851762354	589.8560442438884	264.1578243872796	67.1068785097097	21.99885439589028	54.9972236795169	22.57943725329539	71.24592778531844	23.28440540180796		67.04446005872013
7433					36.10772104549195																																																																			
7449		20.9845024279959										21.969319170238684													13.24138947719568								24.13637755174174								19.36124288763687	15.036928370305017						23.536291801702312																		22.976531668214243	25.75608381739916					
7454																																																															25.428015028803223			10.819806260211491						
754																														12.532516940792268																																										
76			74.99999999020864					3911.9980825672496							15.0						1078.816871851493							873.9999999999999	66.7203611147809	57.00000000256607				13.003858767894569						1844.3425341169807								1053.233971233855	345.0460353360352		13.0							28.94021322571284	49.00000000000011									18.0				
7688		315.24426384142185																			50.40634026940951									17.996786989698588																		50.30446029213288																								
7716			46.24161421151422			87.27998847029032	229.76728342758796	7749.266840222924	1080.7547067610476	36.20749616083564				331.5211418984515				152.09397109171124	105.0221854744638	1639.1303056574277	2502.39866401127	27.668695136037865							1518.497270072269	1058.6546291537911	477.22912726924			161.24663732057468	45.95137557649672	83.69584972636852	1052.620382230202	37.829505502286025	1.0		218.66048749863148	37.96487065360873		29.35044230674358		29.00673716285058	10.72483199817421	2496.7575285497364	2365.887324484116		2162.01475319002				12.976228600080283				498.8100922820156	100.51191855805422			49.55483902088369	31.83671319945575	382.4013144540529	39.0783819330951	170.48864643577906	232.6586495802746	57.3386852133273	428.49113746475007		382.1804895873791
7955																														14.692661738060911																																										
8		21.53483079755029																			67.62609269199052															17.000000013106693												63.778819283907765					11.967913163734814						15.822964400018147						103.80518880317616		20.99999999999994					103.71194220354464
8010		34.34400489668693																																																																						
8072		17.993444140567128																																																									19.00436191621917													
8095																																									40.00000000000018							13.9824103471487																								13.990111015882498
8098					1071.0000000199398				20.0						25.000000039524718				103.00994236385498		286.0000000382888												11.0								199.983918612928			22.0				285.44766697744814	10.999999999858726									868.9610179917436	24.0	25.0	69.0				120.9999562548851	19.000000000563592	25.0		56.00000000000518			120.91388353375008
8255		229.28399343060997		15.912641256926316		12.809823200332092						165.89525902669155			23.14074770111585		11.010497257917365				133.11849966819403		12.199828716519312		33.93531730139102								22.867838126903575				15.790205520434151			46.04294534202344				33.026891804311695	17.754005833775484	31.119037017585352	15.213799977549945	131.59683204441924	11.228860372143542						10.998732006891425		56.97417912955701		24.56279644375533	28.571343790292172	16.59012516314785		19.390928379220856		61.15282047828343	16.02854771062741						61.11162547019545
8270																																									18.00006895172065																															
8347							36.779145775079606		19.27483255575159		204.96509287170363	16.606356370962814			65.38082207643492						61.098772846951846			17.447036551527255					50.30155585028977	10.56108977468218		216.33511238191977		34.305796711178914							30.114277038517763	11.180194984174518						60.88929140461727							35.0088846339713										37.536408007693616				36.05284594347115			37.32069834223601
838									14.523720394386132						20.805016639404236						810.6647497947715	21.140026907247528							51.78396985306218					27.76484143102424	11.35496934709708													808.0975919682123			10.20349510645239				33.23912382630569				10.26553680349492		17.996951638448156											10.698952175690312
8381																														23.981859899223064																		21.957512841475264																								
84																																									34.05834169062502																															
848																													12.905935806962194																					46.44305957281136																						
8497		22.0894292185489				31.01040035460784	42.15210718212866	29.969228340731107				56.37540449889752			49.26825897700796						127.00092660597392	10.0	24.00018848303629	11.0						20.0			26.88247311948694				14.0				225.1402750247091	11.0			29.0			126.75549807581469	14.999417721683596		27.9999997552213		40.999966046498166		10.999999999956517		64.00000000146647		75.99995818057604		11.0	15.0	22.998995048002232		78.00700510362446	39.0	14.0		12.0			77.95154294506756
851			41.59468395631244					28.153811284854108	11.4251362041512	15.978019724540182	175.797929723366									45.95464949980904	152.82431350970342			32.06169476195379					61.89877489252956	12.379781535928936	10.44655142077002			97.87832507516916	14.233781444957703		77.03081146600137				116.10527168958411							151.79121189093368	35.01848224714264		19.324618219503147						182.7615073237312			468.64872312053336							11.662459964831616			15.91130728989522		
8514																														28.0																																										
855																																																18.329936958716647																								
8550																																																11.976753402664608																			10.997241393006604					
859			22.99815556176208			116.10337946278466					1973.629750525651			191.6644132007277	11.999999913708782			14349.566182284792	117.98968958536132		2879.3580816521644		10.988067002132164									932.9812296241596				26.985112291699014									23.999993404738568			2873.3357733188445	683.1012293347943				10.000000281467276		63.524138677878106			363.8191019933968					17.976934453231735				10.999999923206042	127.3652011417362	35.987232955209485			
8623																									16.6907844635921																																															
8638						22.000000000005148						13.497919557585496									37.95046844647069				14.999071048773816																				80.10007311791705			37.87726305725989																		14.000000000088733			13.99843999570934			
8652									14.134550173556942												44.01379507238092																					12.758113440753322						43.87033432682694					102.9678146144565						27.223298113324983				70.5280776121194			51.1678117398528	21.241999493258355					
8722																																																																		49.89812687760099						
876								13.939071736896144												28.439933277334926	65.57642517045069													14.71880773535714														65.40964007461803									30.672757045309123			87.47728607454266												
88		35.874821656262775																		51.25066564513748																					316.3518649121397							16.42207819748791																								
8869																																									18.24441594023244																															
8910		54.29406711681638																																																																						
9071			31.00000000000051				24.999928996248684														88.00620108134882			16.959646695903917						81.0000000277155							19.999978728731765			44.00000035455605	33.0					17.0	13.999999999194966	86.83820087261581	43.00000285602634		154.64407853766335							16.000055022881654		99.0												10.99217523104956
91																			4004.034158965897		581.524163457888															59.24827555664265												570.3327348870932					23.954494228727107						40.026062282641554						298.31903974957794							290.7228138959547
9171		95.1266694813891																																														11.450567176379346																								
9341												12.2558297162521																													19.949492092476028							10.381239045065474									16.0		26.10623414802522	15.706100739873351												
945																														75.18270426399948																		17.518004476618934									23.000000199920617															
9517																																									49.01609609183959																															
9519						13.000008337956066													26.0		67.98747386078666															46.00000000067557		23.0									21.000104765352173	67.85553942975994		40.99999999999984			131.01084615155386											12.99999933490661	35.99999965531146				29.999999887267727	29.0		35.97439131977367
955			1028.9177702220672	127.15742677973044	1405.7983747855162	37.67999367373631	2557.081689795517	833.7249037651349	781.7266923775254	25.302466650808	516.9797868286448	753.8931665582419		1226.647846240805	5416.900247060571		481.3325348555167	201.68630532580616	287.82670085415833		5172.686760659009	397.8077345946429	70.6310427315628	1849.5727589510343	19.60490596073217				788.5274320199982	1229.3035215806544	813.3397459690517	689.3818286319101		1075.1079701643305	35.58657332456198	1401.8897482532338	123.2793285501692	140.3430379374941		134.2994785987427	996.5527706597194	874.5982780371274		297.2193338518483		140.6519116892397	579.785163704267	5151.438147408141	552.7569569149156	63.55318585636624	1059.7002505114533		301.57139250444567		13729.002667378829	1.0	188.74722621531248	1419.7760492894297	520.0688308709316	691.7166530132097	961.6475389984628	423.3744132380409	75.45763334416101	311.550648276448	869.571307650439	49.12570604118301	23.350841798037333	824.975627039537	745.3062183308774	453.53768025808		863.8751357827657
9557		17.97113407398172																																																																						
9574		235.8768298086245					10.99999999998123		11.0								11.138635953972445				409.014119505114			12.99999999969262											12.588599657418538		11.339358178807393							13.0	1233.5333501950065		1353.665647858958	408.2209724811421	12.9999998813579														11.0		39.00860534117501	13.000000000039512	56.077101558820885		20.00649342046289			38.98064448252944
961																														29.0																											21.99999999999972															
9661		11.509655604109756										22.8255249276021									64.58071661583229				10.631578501646164								15.801539240223264							16.372473809535553					14.193304176134594	12.011191926116156		63.86707317236716			38.48335973649382		11.898947209281838				13.566702077814108			14.733213448256382						20.814770075165587						10.58342066476379
9668			231.9909779194735	158.00155778496296			548.7230747804731	96.81553063734472				1515.9582508252772			171.9961489061321		633.5672979647052				6350.581571422007			32.83774573954912	297.7430178536781					494.94910541704206			2217.6235660486013							62.17488694846605	1017.794608930038				34.67377976419992	303.1928429854236		6321.640331815416		19360.60699138471	838.1936568591376		1023.9033148747734				636.0652474919906		771.1184536288412	3858.129606688444	10673.08085784559		42.983572996055535			31.996871924794885				13.0		14.98932986054047
9678		183.1838877212508				1395.5899218847983					38.07999225149468			552.3094321097469				928.2911773464592	402.8271523990118		818.8942754480037		38.17220253517093				15.0164558924913									123.12379378181636						46.11355206566406						817.3001981434555					16.792982168795305												1219.8833194540732		185.98287814064412	509.7835155078246	232.6949766694776			1219.0486129947478
9765			92.0000416799592			30.999778245803515	252.9929938455365	171.14230568506446	92.9218221757416	17.99815272739152	21.000000013101744	146.2958653951455			16.99999994133536		72.23116338949053	160.3448269970123	416.5583778150377	30.99250368236367	653.5981405364398			162.01443344162556	108.00387460441478				20.00000000415659	53.56670665111759	18.9999388703874	18.031660398627203	33.450135883197724	58.000432465651045	18.994356352922843	39.95568706204939	26.07148224674708	22.998402424220508		230.7997055938647	20.59691084469953	28.99999999991835		42.19239418878648	128.73742571689712	128.5779145107262		642.6253691973975	119.8949281861913		517.0286791508813		39.99999971651945		47.0014847556989		131.58830492292464	16.999893342998266	468.937969547922	170.146117064178	52.99999913194911	52.15206596294865	24.330765988094257	70.30657362667853	172.40260267212253	66.24820400069754	38.000000000023256	16.0	134.8356122643762	12.816483178632003		172.21648632430214
9868		23.021341843188942				42.0	24.686975651569707	125.0714756444074	1724.8086477885329		99.02538901186252			74.3143104917215				319.44055360856527	514.7016971695919		1701.4739743263976	60.33981358240059														1526.0890547061706					750.2918648829242			231.2796625451458				1692.235022644301					75.41487453884267				1545.162936351518			4738.380948512398	75.811426391936	203.16809596073307	138.09969232542068		600.1178939833768		14.0	91.99999999842235	1656.2583581748831	54.80531739643985		598.5879768605456
9950			26.670713970590214						485.038911976892			32.518642656190245			10.618786431936808		10.216098604702491				128.67329879510623	116.1531268280267	13.760000358857097							11.386395830173848												37.58869630646759		33.024358808252146				128.46360447387778					49.235281382352085						11.803087070946557						292.46221409437544	31.23707950788809	15.457191423905089		42.55733881348405	21.62067484600086		292.25511867852697
mapped_unclassified	0.0	328.0	130.0	113.0	37.0	157.0	119.0	163.0	181.0	84.0	194.0	109.0	0.0	95.0	183.0	0.0	109.0	231.0	209.0	96.0	1052.0	113.0	114.0	125.0	134.0	15.0	57.0	45.0	77.0	176.0	78.0	157.0	76.0	82.0	105.0	151.0	107.0	111.0	0.0	115.0	110.0	118.0	25.0	149.0	112.0	68.0	118.0	1052.0	148.0	97.0	76.0	0.0	83.0	0.0	86.0	0.0	202.0	68.0	194.0	97.0	94.0	132.0	156.0	67.0	286.0	180.0	258.0	105.0	298.0	111.0	0.0	286.0
unmapped	0.0	0.0	0.0	0.0	0.0	0.0	0.0	0.0	0.0	0.0	0.0	0.0	0.0	0.0	0.0	0.0	0.0	0.0	0.0	0.0	901.0	0.0	0.0	0.0	0.0	0.0	0.0	0.0	0.0	2.0	0.0	0.0	0.0	0.0	0.0	0.0	0.0	0.0	0.0	0.0	0.0	0.0	0.0	0.0	0.0	0.0	0.0	901.0	9.0	0.0	0.0	0.0	0.0	0.0	0.0	0.0	0.0	0.0	0.0	0.0	0.0	0.0	0.0	0.0	0.0	0.0	0.0	0.0	0.0	0.0	0.0	0.0
